{"cameraMode":{"drawMode":0,"name":"Shaded","section":"Shading Mode"},"sceneLighting":true,"audioPlay":false,"sceneViewState":{"showFog":true,"showMaterialUpdate":false,"showSkybox":true,"showFlares":true,"showImageEffects":true,"showParticleSystems":true},"in2DMode":false,"pivot":{"x":-0.461517333984375,"y":-2.115234375,"z":-0.0341796875},"rotation":{"x":0.18696333467960359,"y":-0.6588059663772583,"z":0.17406341433525086,"w":0.7076166868209839},"size":9.411073684692383,"orthographic":true}