{"cameraMode":{"drawMode":0,"name":"Shaded","section":"Shading Mode"},"sceneLighting":true,"audioPlay":false,"sceneViewState":{"showFog":true,"showMaterialUpdate":false,"showSkybox":true,"showFlares":true,"showImageEffects":true,"showParticleSystems":true},"in2DMode":false,"pivot":{"x":-2.205078125,"y":1.355224609375,"z":-0.011962890625},"rotation":{"x":0.2804449796676636,"y":-0.1259477436542511,"z":0.037144847214221957,"w":0.9508460164070129},"size":5.650801181793213,"orthographic":true}