{"cameraMode":{"drawMode":0,"name":"Shaded","section":"Shading Mode"},"sceneLighting":true,"audioPlay":false,"sceneViewState":{"showFog":true,"showMaterialUpdate":false,"showSkybox":true,"showFlares":true,"showImageEffects":true,"showParticleSystems":true},"in2DMode":false,"pivot":{"x":0.4168660044670105,"y":2.79978084564209,"z":-1.305260181427002},"rotation":{"x":-0.12233127653598786,"y":0.0758480504155159,"z":-0.009376640431582928,"w":-0.9895424842834473},"size":5.869094371795654,"orthographic":false}