{"cameraMode":{"drawMode":0,"name":"Shaded","section":"Shading Mode"},"sceneLighting":true,"audioPlay":false,"sceneViewState":{"showFog":true,"showMaterialUpdate":false,"showSkybox":true,"showFlares":true,"showImageEffects":true,"showParticleSystems":true},"in2DMode":false,"pivot":{"x":-3.5199999809265138,"y":0.375,"z":2.630000114440918},"rotation":{"x":-0.004611747805029154,"y":-0.9269871711730957,"z":0.3748912215232849,"w":-0.011403681710362435},"size":10.520731925964356,"orthographic":true}