{"cameraMode":{"drawMode":0,"name":"Shaded","section":"Shading Mode"},"sceneLighting":true,"audioPlay":false,"sceneViewState":{"showFog":true,"showMaterialUpdate":false,"showSkybox":true,"showFlares":true,"showImageEffects":true,"showParticleSystems":true},"in2DMode":false,"pivot":{"x":-0.461517333984375,"y":-2.115234375,"z":-0.0341796875},"rotation":{"x":0.4483264982700348,"y":0.03645883500576019,"z":-0.018307939171791078,"w":0.8929383754730225},"size":9.411073684692383,"orthographic":true}